{"cameraMode":{"drawMode":0,"name":"Shaded","section":"Shading Mode"},"sceneLighting":true,"audioPlay":false,"sceneViewState":{"showFog":false,"showMaterialUpdate":true,"showSkybox":true,"showFlares":false,"showImageEffects":true,"showParticleSystems":true},"in2DMode":false,"pivot":{"x":5.343019962310791,"y":6.548321723937988,"z":23.62209129333496},"rotation":{"x":-0.11364806443452835,"y":-0.31834980845451357,"z":0.03865261748433113,"w":-0.9405370354652405},"size":2.9660251140594484,"orthographic":false}