{"cameraMode":{"drawMode":0,"name":"Shaded","section":"Shading Mode"},"sceneLighting":true,"audioPlay":false,"sceneViewState":{"showFog":false,"showMaterialUpdate":true,"showSkybox":true,"showFlares":false,"showImageEffects":true,"showParticleSystems":true},"in2DMode":false,"pivot":{"x":6.013072967529297,"y":-34.70318603515625,"z":126.16605377197266},"rotation":{"x":0.14074495434761048,"y":0.04188509285449982,"z":-0.006029630079865456,"w":0.9894140362739563},"size":93.16439819335938,"orthographic":false}