{"cameraMode":{"drawMode":0,"name":"Shaded","section":"Shading Mode"},"sceneLighting":true,"audioPlay":false,"sceneViewState":{"showFog":false,"showMaterialUpdate":true,"showSkybox":true,"showFlares":false,"showImageEffects":true,"showParticleSystems":true},"in2DMode":false,"pivot":{"x":3.914492607116699,"y":-31.425552368164064,"z":34.90591049194336},"rotation":{"x":-0.3715048134326935,"y":-0.056401174515485767,"z":0.02289232425391674,"w":-0.9266459345817566},"size":34.525726318359378,"orthographic":false}