{"cameraMode":{"drawMode":0,"name":"Shaded","section":"Shading Mode"},"sceneLighting":true,"audioPlay":false,"sceneViewState":{"showFog":false,"showMaterialUpdate":true,"showSkybox":true,"showFlares":false,"showImageEffects":true,"showParticleSystems":true},"in2DMode":false,"pivot":{"x":21.770309448242189,"y":-9.883199691772461,"z":-32.05735778808594},"rotation":{"x":-0.045168954879045489,"y":-0.9374523162841797,"z":0.133429154753685,"w":-0.31893566250801089},"size":33.240501403808597,"orthographic":false}