{"cameraMode":{"drawMode":0,"name":"Shaded","section":"Shading Mode"},"sceneLighting":true,"audioPlay":false,"sceneViewState":{"showFog":false,"showMaterialUpdate":true,"showSkybox":true,"showFlares":false,"showImageEffects":true,"showParticleSystems":true},"in2DMode":false,"pivot":{"x":2.089465618133545,"y":-0.777860164642334,"z":6.538930892944336},"rotation":{"x":-0.2914254367351532,"y":0.2887115180492401,"z":-0.09290802478790283,"w":-0.9074109196662903},"size":7.919702053070068,"orthographic":false}