{"cameraMode":{"drawMode":0,"name":"Shaded","section":"Shading Mode"},"sceneLighting":true,"audioPlay":false,"sceneViewState":{"showFog":false,"showMaterialUpdate":true,"showSkybox":true,"showFlares":false,"showImageEffects":true,"showParticleSystems":true},"in2DMode":false,"pivot":{"x":21.208850860595704,"y":-37.321048736572269,"z":163.9117431640625},"rotation":{"x":0.11995349079370499,"y":0.0435563400387764,"z":-0.004830861929804087,"w":0.992098867893219},"size":122.91580200195313,"orthographic":false}