{"cameraMode":{"drawMode":0,"name":"Shaded","section":"Shading Mode"},"sceneLighting":true,"audioPlay":false,"sceneViewState":{"showFog":false,"showMaterialUpdate":true,"showSkybox":true,"showFlares":false,"showImageEffects":true,"showParticleSystems":true},"in2DMode":false,"pivot":{"x":4.480090618133545,"y":5.260565757751465,"z":17.25799560546875},"rotation":{"x":-0.06683190166950226,"y":-0.9318816065788269,"z":0.27642005681991579,"w":-0.2260354906320572},"size":5.066025733947754,"orthographic":false}