{"cameraMode":{"drawMode":0,"name":"Shaded","section":"Shading Mode"},"sceneLighting":true,"audioPlay":false,"sceneViewState":{"showFog":false,"showMaterialUpdate":true,"showSkybox":true,"showFlares":false,"showImageEffects":true,"showParticleSystems":true},"in2DMode":false,"pivot":{"x":34.80386734008789,"y":-41.48820877075195,"z":179.24708557128907},"rotation":{"x":0.11662942916154862,"y":0.09416352212429047,"z":-0.010191590525209904,"w":0.9889416098594666},"size":132.0679931640625,"orthographic":false}