{"cameraMode":{"drawMode":0,"name":"Shaded","section":"Shading Mode"},"sceneLighting":true,"audioPlay":false,"sceneViewState":{"showFog":false,"showMaterialUpdate":true,"showSkybox":true,"showFlares":false,"showImageEffects":true,"showParticleSystems":true},"in2DMode":false,"pivot":{"x":-18.807607650756837,"y":-13.176244735717774,"z":185.34165954589845},"rotation":{"x":0.04069432616233826,"y":-0.05208263918757439,"z":0.0032065173145383598,"w":0.9981062412261963},"size":132.0679931640625,"orthographic":false}