{"cameraMode":{"drawMode":0,"name":"Shaded","section":"Shading Mode"},"sceneLighting":true,"audioPlay":false,"sceneViewState":{"showFog":false,"showMaterialUpdate":true,"showSkybox":true,"showFlares":false,"showImageEffects":true,"showParticleSystems":true},"in2DMode":false,"pivot":{"x":12.067015647888184,"y":-72.0970458984375,"z":167.75303649902345},"rotation":{"x":0.2057914137840271,"y":0.03427010029554367,"z":-0.0062715765088796619,"w":0.9782783389091492},"size":132.0679931640625,"orthographic":false}